match_id,event,season,match_number,city,team1,team2,toss_winner,toss_decision,venue,winner,player_of_match,venue_id,venue_name,total_runs,total_wickets,bowled_wickets,caught_wickets,lbw_wickets,town_id,town_name,match_date,match_time,venue_long,venue_lat
1152539,Big Bash League,2018/19,29.0,Geelong,Melbourne Renegades,Brisbane Heat,Melbourne Renegades,field,Geelong Cricket Ground,Brisbane Heat,M Bryant,1344,Geelong Cricket Ground,276,14,2,9,3,19,Geelong,2019-01-13,18:35:00,144.36069,-38.14711
1058153,Kenya T20 Quadrangular Series,2016,4.0,Nairobi,Qatar,Uganda,Uganda,bat,Jaffery Sports Club Ground,Qatar,,2118,"Jaffery Sports Club Ground, Nairobi",209,12,1,9,0,780,Nairobi,2016-09-27,10:00:00,36.81667,-1.28333
1058157,Kenya T20 Quadrangular Series,2016,6.0,Nairobi,Qatar,Saudi Arabia,Qatar,field,Jaffery Sports Club Ground,Saudi Arabia,,2118,"Jaffery Sports Club Ground, Nairobi",310,14,1,12,1,780,Nairobi,2016-09-28,10:00:00,36.81667,-1.28333
1155313,ICC World Twenty20 Europe Region Qualifier A,2018,11.0,Deventer,Portugal,Denmark,Portugal,bat,Sportpark Het Schootsveld,Denmark,SH Ahmad,1123,"Sportpark Het Schootsveld, Deventer",160,15,3,5,3,785,Deventer,2018-09-01,16:00:00,6.16389,52.255
1155315,ICC World Twenty20 Europe Region Qualifier A,2018,13.0,Deventer,Austria,Germany,Austria,bat,Sportpark Het Schootsveld,Austria,A Randhawa,1123,"Sportpark Het Schootsveld, Deventer",255,12,1,9,0,785,Deventer,2018-09-02,11:00:00,6.16389,52.255
1155316,ICC World Twenty20 Europe Region Qualifier A,2018,14.0,Deventer,Denmark,France,Denmark,bat,Sportpark Het Schootsveld 2,Denmark,Rizwan Mahmood,2180,"Sportpark Het Schootsveld 2, Deventer",263,11,2,8,1,785,Deventer,2018-09-02,11:00:00,6.16389,52.255
1155317,ICC World Twenty20 Europe Region Qualifier A,2018,15.0,Deventer,Cyprus,Portugal,Cyprus,bat,Sportpark Het Schootsveld,Portugal,P Buccimazza,1123,"Sportpark Het Schootsveld, Deventer",209,13,4,3,1,785,Deventer,2018-09-02,16:00:00,6.16389,52.255
1156659,ICC World Twenty20 Europe Region Qualifier B,2018,10.0,Schiedam,Belgium,Italy,Belgium,bat,Sportpark Thurlede,Italy,NA Maiolo,1324,"Sportpark Thurlede, Schiedam",262,11,1,5,3,795,Schiedam,2018-09-01,11:00:00,4.3942739,51.9313172
1156663,ICC World Twenty20 Europe Region Qualifier B,2018,14.0,Schiedam,Jersey,Finland,Jersey,bat,Sportpark Thurlede,Jersey,B Ward,1324,"Sportpark Thurlede, Schiedam",185,21,6,8,1,795,Schiedam,2018-09-02,11:00:00,4.3942739,51.9313172
1156668,ICC World Twenty20 Europe Region Qualifier C,2018,4.0,Schiedam,Norway,Sweden,Norway,bat,Sportpark Thurlede,,,1324,"Sportpark Thurlede, Schiedam",96,4,0,2,0,795,Schiedam,2018-08-29,16:00:00,4.3942739,51.9313172
1156670,ICC World Twenty20 Europe Region Qualifier C,2018,6.0,Schiedam,Israel,Guernsey,Guernsey,field,Sportpark Thurlede,Guernsey,ACF Stokes,1324,"Sportpark Thurlede, Schiedam",148,11,2,5,2,795,Schiedam,2018-08-30,11:00:00,4.3942739,51.9313172
1156672,ICC World Twenty20 Europe Region Qualifier C,2018,8.0,Schiedam,Sweden,Israel,Israel,field,Sportpark Thurlede,Sweden,Azam Mohammad,1324,"Sportpark Thurlede, Schiedam",227,16,4,7,3,795,Schiedam,2018-08-30,16:00:00,4.3942739,51.9313172
1157847,ICC World Twenty20 Europe Region Qualifier C,2018,4.0,Schiedam,Norway,Sweden,Sweden,field,Sportpark Thurlede,Norway,Hayatullah Niazi,1324,"Sportpark Thurlede, Schiedam",220,15,4,8,2,795,Schiedam,2018-08-31,11:00:00,4.3942739,51.9313172
460056,ICC World Cricket League Americas Region Division One Twenty20,2010,,Hamilton,Cayman Islands,Bermuda,Cayman Islands,bat,National Stadium,Bermuda,KF Bazil,674,"National Stadium, Hamilton",215,11,1,8,0,70,Hamilton,2010-06-05,10:30:00,-98.12392,31.70377
460058,ICC World Cricket League Americas Region Division One Twenty20,2010,,Hamilton,Bermuda,Bahamas,Bahamas,field,National Stadium,Bermuda,JJ Tucker,674,"National Stadium, Hamilton",253,16,3,8,0,70,Hamilton,2010-06-05,15:30:00,-98.12392,31.70377
460060,ICC World Cricket League Americas Region Division One Twenty20,2010,,Hamilton,Bermuda,United States of America,United States of America,field,National Stadium,United States of America,LJ Cush,674,"National Stadium, Hamilton",235,12,1,9,0,70,Hamilton,2010-06-06,10:30:00,-98.12392,31.70377
460064,ICC World Cricket League Americas Region Division One Twenty20,2010,,Hamilton,Canada,United States of America,United States of America,field,National Stadium,United States of America,OM Baker,674,"National Stadium, Hamilton",191,16,3,11,0,70,Hamilton,2010-06-06,15:30:00,-98.12392,31.70377
811111,ACC Twenty20 Cup,2014/15,2.0,,Malaysia,Maldives,Malaysia,bat,Al Dhaid Cricket Village,Malaysia,Ahmed Faiz,2504,Al Dhaid Cricket Village,248,16,5,6,3,1253,Al Dhaid,2015-01-25,11:00:00,,
811117,ACC Twenty20 Cup,2014/15,5.0,,Kuwait,Saudi Arabia,Saudi Arabia,field,Al Dhaid Cricket Village,Kuwait,Muhammad Kashif,2504,Al Dhaid Cricket Village,292,19,3,12,1,1253,Al Dhaid,2015-01-26,11:00:00,,
811123,ACC Twenty20 Cup,2014/15,8.0,,Oman,Singapore,Singapore,bat,Al Dhaid Cricket Village,Singapore,A Mutreja,2504,Al Dhaid Cricket Village,365,19,3,11,2,1253,Al Dhaid,2015-01-27,11:00:00,,
875463,ICC World Twenty20 Qualifier,2015,4.0,Edinburgh,Canada,Kenya,Kenya,field,Myreside,Kenya,IA Karim,834,"Myreside, Edinburgh",281,8,3,5,0,947,Edinburgh,2015-07-10,10:00:00,-3.2228185,55.9279083
875473,ICC World Twenty20 Qualifier,2015,9.0,Edinburgh,Kenya,Oman,Oman,field,Myreside,Kenya,CO Obuya,834,"Myreside, Edinburgh",273,14,3,10,1,947,Edinburgh,2015-07-11,10:00:00,-3.2228185,55.9279083
875495,ICC World Twenty20 Qualifier,2015,20.0,Edinburgh,Netherlands,Oman,Oman,field,Myreside,Oman,Jatinder Singh,834,"Myreside, Edinburgh",256,15,4,7,1,947,Edinburgh,2015-07-14,10:00:00,-3.2228185,55.9279083
875533,ICC World Twenty20 Qualifier,2015,39.0,Edinburgh,Kenya,Netherlands,Netherlands,field,Myreside,Netherlands,T van der Gugten,834,"Myreside, Edinburgh",184,19,2,9,1,947,Edinburgh,2015-07-18,14:15:00,-3.2228185,55.9279083
973777,Stan Nagaiah Trophy,2015/16,3.0,Kuala Lumpur,Malaysia,Singapore,Singapore,field,Kinrara Academy Oval,Malaysia,,2072,"Kinrara Academy Oval, Kuala Lumpur",327,10,1,7,1,781,Kuala Lumpur,2016-02-21,10:00:00,101.68653,3.1412
1068302,NatWest T20 Blast,2017,,Cheltenham,Gloucestershire,Middlesex,Middlesex,field,College Ground,,RF Higgins,110,"College Ground, Cheltenham",353,12,2,9,0,132,Cheltenham,2017-07-07,14:30:00,-2.08333,51.9
1068308,NatWest T20 Blast,2017,,,Glamorgan,Sussex,Sussex,field,Arundel Castle Cricket Club Ground,Glamorgan,CA Ingram,953,Arundel Castle Cricket Club Ground,356,9,2,5,2,83,Arundel,2017-07-09,14:30:00,,
1068310,NatWest T20 Blast,2017,,Liverpool,Lancashire,Leicestershire,Leicestershire,field,Aigburth,Leicestershire,CN Ackermann,144,"Aigburth, Liverpool",332,15,1,9,3,218,Liverpool,2017-07-09,14:30:00,-2.9266096,53.3645118
1068311,NatWest T20 Blast,2017,,Beckenham,Essex,Kent,Essex,bat,The Kent County Cricket Ground,Kent,DJ Bell-Drummond,479,"Kent County Cricket Ground, Beckenham",330,10,3,7,0,96,Beckenham,2017-07-09,15:00:00,-0.02526,51.40878
1068316,NatWest T20 Blast,2017,,Cheltenham,Kent,Gloucestershire,Gloucestershire,field,College Ground,Gloucestershire,BAC Howell,110,"College Ground, Cheltenham",295,12,1,11,0,132,Cheltenham,2017-07-13,14:30:00,-2.08333,51.9
1068326,NatWest T20 Blast,2017,,Cheltenham,Sussex,Gloucestershire,Sussex,bat,College Ground,,,110,"College Ground, Cheltenham",144,7,0,6,1,132,Cheltenham,2017-07-16,14:00:00,-2.08333,51.9
1068327,NatWest T20 Blast,2017,,,Somerset,Middlesex,Somerset,bat,Uxbridge Cricket Club Ground,Somerset,AJ Hose,789,Uxbridge Cricket Club Ground,370,17,2,12,1,316,Uxbridge,2017-07-16,14:30:00,,
1068409,NatWest T20 Blast,2017,,,Middlesex,Gloucestershire,Gloucestershire,field,Uxbridge Cricket Club Ground,Middlesex,ST Finn,789,Uxbridge Cricket Club Ground,251,15,6,8,1,316,Uxbridge,2017-08-15,17:30:00,,
1127465,Vitality Blast,2018,,,Middlesex,Gloucestershire,Gloucestershire,field,Uxbridge Cricket Club Ground,Gloucestershire,,789,Uxbridge Cricket Club Ground,309,11,1,8,0,316,Uxbridge,2018-07-08,14:30:00,,
1127473,Vitality Blast,2018,,Beckenham,Kent,Hampshire,Hampshire,field,The Kent County Cricket Ground,Kent,SW Billings,479,"Kent County Cricket Ground, Beckenham",397,9,1,8,0,96,Beckenham,2018-07-13,17:30:00,-0.02526,51.40878
1127490,Vitality Blast,2018,,Cheltenham,Essex,Gloucestershire,Gloucestershire,field,College Ground,,,110,"College Ground, Cheltenham",157,6,1,4,1,132,Cheltenham,2018-07-20,17:30:00,-2.08333,51.9
1127499,Vitality Blast,2018,,Cheltenham,Gloucestershire,Glamorgan,Glamorgan,field,College Ground,Gloucestershire,AJ Tye,110,"College Ground, Cheltenham",354,15,1,11,0,132,Cheltenham,2018-07-27,14:30:00,-2.08333,51.9
1127554,Vitality Blast,2018,,Beckenham,Middlesex,Kent,Kent,field,The Kent County Cricket Ground,Kent,AJ Blake,479,"Kent County Cricket Ground, Beckenham",369,14,3,10,1,96,Beckenham,2018-08-12,15:00:00,-0.02526,51.40878
1167133,Vitality Blast,2019,,Cheltenham,Gloucestershire,Glamorgan,Gloucestershire,field,College Ground,,,110,"College Ground, Cheltenham",87,7,1,5,1,132,Cheltenham,2019-07-19,14:30:00,-2.08333,51.9
1167148,Vitality Blast,2019,,Cheltenham,Gloucestershire,Middlesex,Middlesex,bat,College Ground,Gloucestershire,Miles Hammond,110,"College Ground, Cheltenham",288,18,1,14,1,132,Cheltenham,2019-07-25,14:30:00,-2.08333,51.9
1167179,Vitality Blast,2019,,Beckenham,Kent,Hampshire,Kent,field,The Kent County Cricket Ground,Kent,AF Milne,479,"Kent County Cricket Ground, Beckenham",257,16,2,12,0,96,Beckenham,2019-08-04,15:00:00,-0.02526,51.40878
1167230,Vitality Blast,2019,,Uxbridge,Middlesex,Sussex,Middlesex,bat,Uxbridge Cricket Club Ground,Sussex,LJ Evans,789,Uxbridge Cricket Club Ground,335,6,0,6,0,316,Uxbridge,2019-08-24,14:30:00,-71.62951,42.07732
1207738,Vitality Blast,2020,,Liverpool,Derbyshire,Lancashire,Lancashire,field,Aigburth,Lancashire,KK Jennings,144,"Aigburth, Liverpool",195,7,1,4,2,218,Liverpool,2020-09-04,14:30:00,-2.9266096,53.3645118
1250337,Vitality Blast,2021,,Cheltenham,Gloucestershire,Middlesex,Middlesex,field,"College Ground, Cheltenham",Gloucestershire,RF Higgins,110,"College Ground, Cheltenham",322,16,4,11,1,132,Cheltenham,2021-07-09,14:30:00,-2.08333,51.9
1250346,Vitality Blast,2021,,Cheltenham,Gloucestershire,Surrey,Surrey,field,"College Ground, Cheltenham",Surrey,GJ Batty,110,"College Ground, Cheltenham",335,12,5,6,0,132,Cheltenham,2021-07-16,14:30:00,-2.08333,51.9
1297881,Vitality Blast,2022,,Blackpool,Nottinghamshire,Lancashire,Lancashire,field,"Stanley Park, Blackpool",Lancashire,,235,"Stanley Park, Blackpool",340,11,0,9,1,104,Blackpool,2022-06-19,14:30:00,-3.0228394,53.8147056
1297891,Vitality Blast,2022,,Blackpool,Lancashire,Durham,Durham,field,"Stanley Park, Blackpool",,,235,"Stanley Park, Blackpool",129,6,1,3,1,104,Blackpool,2022-06-23,18:30:00,-3.0228394,53.8147056
1347624,Vitality Blast,2023,,Blackpool,Worcestershire,Lancashire,Lancashire,field,"Stanley Park, Blackpool",Lancashire,,235,"Stanley Park, Blackpool",326,15,0,13,0,104,Blackpool,2023-06-07,17:00:00,-3.0228394,53.8147056
1410444,Vitality Blast,2024,,Cheltenham,Kent,Gloucestershire,Gloucestershire,field,"College Ground, Cheltenham",Kent,,110,"College Ground, Cheltenham",169,12,0,9,1,132,Cheltenham,2024-07-05,14:30:00,-2.08333,51.9
1410462,Vitality Blast,2024,,Cheltenham,Middlesex,Gloucestershire,Gloucestershire,field,"College Ground, Cheltenham",Middlesex,,110,"College Ground, Cheltenham",318,20,2,12,1,132,Cheltenham,2024-07-11,17:00:00,-2.08333,51.9
1410476,Vitality Blast,2024,,Cheltenham,Gloucestershire,Glamorgan,Glamorgan,field,"College Ground, Cheltenham",Gloucestershire,,110,"College Ground, Cheltenham",279,16,2,12,2,132,Cheltenham,2024-07-14,14:30:00,-2.08333,51.9
693111,NatWest T20 Blast,2014,,,Somerset,Sussex,Sussex,field,Arundel Castle Cricket Club Ground,Somerset,C Kieswetter,953,Arundel Castle Cricket Club Ground,278,15,5,8,0,83,Arundel,2014-06-15,14:30:00,,
693209,NatWest T20 Blast,2014,,Colchester,Essex,Kent,Kent,field,Castle Park Cricket Ground,Essex,T Westley,287,"Castle Park Cricket Ground, Colchester",345,16,2,12,0,143,Colchester,2014-07-12,14:30:00,0.90421,51.88921
693227,NatWest T20 Blast,2014,,Cheltenham,Surrey,Gloucestershire,Gloucestershire,field,College Ground,Surrey,ZS Ansari,110,"College Ground, Cheltenham",297,16,3,10,1,132,Cheltenham,2014-07-18,14:30:00,-2.08333,51.9
693235,NatWest T20 Blast,2014,,Cheltenham,Essex,Gloucestershire,Gloucestershire,field,College Ground,Gloucestershire,CDJ Dent,110,"College Ground, Cheltenham",344,12,1,8,1,132,Cheltenham,2014-07-20,14:30:00,-2.08333,51.9
804495,NatWest T20 Blast,2015,,Beckenham,Kent,Surrey,Kent,bat,The Kent County Cricket Ground,Kent,SA Northeast,479,"Kent County Cricket Ground, Beckenham",341,16,1,12,1,96,Beckenham,2015-05-29,17:30:00,-0.02526,51.40878
804513,NatWest T20 Blast,2015,,Beckenham,Kent,Gloucestershire,Kent,bat,The Kent County Cricket Ground,Gloucestershire,BAC Howell,479,"Kent County Cricket Ground, Beckenham",289,8,1,4,1,96,Beckenham,2015-06-05,17:30:00,-0.02526,51.40878
804553,NatWest T20 Blast,2015,,,Sussex,Surrey,Sussex,bat,Arundel Castle Cricket Club Ground,,,953,Arundel Castle Cricket Club Ground,135,7,4,3,0,83,Arundel,2015-06-14,14:30:00,,
804599,NatWest T20 Blast,2015,,,Middlesex,Somerset,Middlesex,bat,Uxbridge Cricket Club Ground,Somerset,J Allenby,789,Uxbridge Cricket Club Ground,332,8,3,5,0,316,Uxbridge,2015-06-26,17:30:00,,
804651,NatWest T20 Blast,2015,,Cheltenham,Gloucestershire,Kent,Kent,field,College Ground,Kent,AJ Blake,110,"College Ground, Cheltenham",323,14,2,10,2,132,Cheltenham,2015-07-12,14:30:00,-2.08333,51.9
804655,NatWest T20 Blast,2015,,Cheltenham,Hampshire,Gloucestershire,Gloucestershire,field,College Ground,Gloucestershire,GO Jones,110,"College Ground, Cheltenham",227,13,5,5,3,132,Cheltenham,2015-07-14,14:30:00,-2.08333,51.9
947107,NatWest T20 Blast,2016,,,Middlesex,Hampshire,Hampshire,field,Uxbridge Cricket Club Ground,Middlesex,DJ Malan,789,Uxbridge Cricket Club Ground,308,17,3,10,0,316,Uxbridge,2016-05-27,17:30:00,,
947133,NatWest T20 Blast,2016,,Beckenham,Kent,Gloucestershire,Gloucestershire,field,Kent County Cricket Ground,Gloucestershire,AJ Tye,479,"Kent County Cricket Ground, Beckenham",265,10,2,7,0,96,Beckenham,2016-06-03,17:30:00,-0.02526,51.40878
947219,NatWest T20 Blast,2016,,,Sussex,Gloucestershire,Sussex,field,Arundel Castle Cricket Club Ground,Gloucestershire,HJH Marshall,953,Arundel Castle Cricket Club Ground,341,13,2,8,3,83,Arundel,2016-06-26,14:30:00,,
947295,NatWest T20 Blast,2016,,Cheltenham,Gloucestershire,Essex,Essex,field,College Ground,Gloucestershire,M Klinger,110,"College Ground, Cheltenham",366,10,2,6,0,132,Cheltenham,2016-07-17,14:30:00,-2.08333,51.9
1244324,Syed Mushtaq Ali Trophy,2020/21,,,Mizoram,Sikkim,Sikkim,field,Sri Ramachandra Medical College,Sikkim,,1872,"Sri Ramachandra Medical College Ground, Chennai",95,3,0,2,0,577,Chennai,2021-01-11,12:00:00,80.27847,13.08784
1244343,Syed Mushtaq Ali Trophy,2020/21,,,Arunachal Pradesh,Nagaland,Arunachal Pradesh,bat,Sri Ramachandra Medical College,Nagaland,,1872,"Sri Ramachandra Medical College Ground, Chennai",278,8,0,4,0,577,Chennai,2021-01-13,12:00:00,80.27847,13.08784
1244360,Syed Mushtaq Ali Trophy,2020/21,,,Chandigarh,Mizoram,Chandigarh,bat,Sri Ramachandra Medical College,Chandigarh,,1872,"Sri Ramachandra Medical College Ground, Chennai",301,9,2,7,0,577,Chennai,2021-01-15,12:00:00,80.27847,13.08784
1244378,Syed Mushtaq Ali Trophy,2020/21,,,Manipur,Bihar,Bihar,field,Sri Ramachandra Medical College,Bihar,,1872,"Sri Ramachandra Medical College Ground, Chennai",205,9,1,7,1,577,Chennai,2021-01-17,12:00:00,80.27847,13.08784
1244398,Syed Mushtaq Ali Trophy,2020/21,,,Sikkim,Meghalaya,Meghalaya,field,Sri Ramachandra Medical College,Meghalaya,,1872,"Sri Ramachandra Medical College Ground, Chennai",209,7,1,4,1,577,Chennai,2021-01-19,12:00:00,80.27847,13.08784
902101,Syed Mushtaq Ali Trophy,2015/16,,,Railways,Delhi,Delhi,field,Alembic 1 Cricket Ground,Delhi,,1908,"Alembic Ground, Vadodara",402,8,0,7,1,731,Vadodara,2016-01-02,13:00:00,73.20812,22.29941
902125,Syed Mushtaq Ali Trophy,2015/16,,,Delhi,Andhra,Andhra,field,Alembic 1 Cricket Ground,Delhi,,1908,"Alembic Ground, Vadodara",341,19,3,12,1,731,Vadodara,2016-01-03,13:00:00,73.20812,22.29941
902239,Syed Mushtaq Ali Trophy,2015/16,,,Andhra,Goa,Goa,field,Alembic 1 Cricket Ground,Goa,,1908,"Alembic Ground, Vadodara",188,8,1,4,1,731,Vadodara,2016-01-10,09:00:00,73.20812,22.29941
1142503,Netherlands Tri-Nation T20I Series,2018,3.0,Deventer,Ireland,Scotland,Ireland,bat,Sportpark Het Schootsveld,Ireland,,1123,"Sportpark Het Schootsveld, Deventer",346,9,0,8,1,785,Deventer,2018-06-16,17:00:00,6.16389,52.255
1142504,Netherlands Tri-Nation T20I Series,2018,4.0,Deventer,Scotland,Ireland,Scotland,bat,Sportpark Het Schootsveld,,,1123,"Sportpark Het Schootsveld, Deventer",345,9,1,8,0,785,Deventer,2018-06-17,17:00:00,6.16389,52.255
1185181,ICC Men's T20 World Cup Europe Region Final,2019,3.0,Castel,Guernsey,Germany,Germany,field,King George V Sports Ground,Germany,,2389,"King George V Sports Ground, Castel",222,12,2,7,1,1214,Castel,2019-06-15,15:45:00,9.11917,39.23054
1185182,ICC Men's T20 World Cup Europe Region Final,2019,4.0,Castel,Denmark,Norway,Denmark,bat,King George V Sports Ground,Denmark,SA Ahmad,2389,"King George V Sports Ground, Castel",221,17,4,9,0,1214,Castel,2019-06-17,10:45:00,9.11917,39.23054
1185184,ICC Men's T20 World Cup Europe Region Final,2019,6.0,Castel,Denmark,Jersey,Denmark,field,King George V Sports Ground,Jersey,,2389,"King George V Sports Ground, Castel",230,14,1,12,1,1214,Castel,2019-06-16,10:45:00,9.11917,39.23054
1185185,ICC Men's T20 World Cup Europe Region Final,2019,7.0,St Peter Port,Guernsey,Italy,Guernsey,field,College Field,Italy,,2388,"College Field, St Peter Port",219,16,6,10,0,1213,St Peter Port,2019-06-16,15:45:00,-2.5546551,49.4520466
1185186,ICC Men's T20 World Cup Europe Region Final,2019,8.0,Castel,Jersey,Norway,Jersey,bat,King George V Sports Ground,Jersey,BDH Stevens,2389,"King George V Sports Ground, Castel",215,14,2,9,3,1214,Castel,2019-06-16,15:45:00,9.11917,39.23054
1185187,ICC Men's T20 World Cup Europe Region Final,2019,9.0,Castel,Guernsey,Denmark,Guernsey,field,King George V Sports Ground,,,2389,"King George V Sports Ground, Castel",96,8,4,4,0,1214,Castel,2019-06-18,10:45:00,9.11917,39.23054
1185188,ICC Men's T20 World Cup Europe Region Final,2019,10.0,St Peter Port,Germany,Norway,Germany,field,College Field,Germany,CAJ Meschede,2388,"College Field, St Peter Port",189,10,4,4,2,1213,St Peter Port,2019-06-20,10:45:00,-2.5546551,49.4520466
1185190,ICC Men's T20 World Cup Europe Region Final,2019,12.0,St Peter Port,Germany,Jersey,Germany,field,College Field,Germany,B Ward,2388,"College Field, St Peter Port",260,15,3,6,0,1213,St Peter Port,2019-06-20,15:45:00,-2.5546551,49.4520466
1185191,ICC Men's T20 World Cup Europe Region Final,2019,13.0,Castel,Guernsey,Norway,Guernsey,field,King George V Sports Ground,Guernsey,,2389,"King George V Sports Ground, Castel",174,12,1,7,4,1214,Castel,2019-06-19,10:45:00,9.11917,39.23054
1185192,ICC Men's T20 World Cup Europe Region Final,2019,14.0,St Peter Port,Italy,Jersey,Italy,field,College Field,Jersey,,2388,"College Field, St Peter Port",217,14,2,11,0,1213,St Peter Port,2019-06-19,15:45:00,-2.5546551,49.4520466
1185193,ICC Men's T20 World Cup Europe Region Final,2019,15.0,Castel,Denmark,Germany,Germany,field,King George V Sports Ground,Germany,,2389,"King George V Sports Ground, Castel",206,11,5,4,0,1214,Castel,2019-06-19,15:45:00,9.11917,39.23054
1186488,Malaysia Tri-Nation T20I Series,2019,1.0,Kuala Lumpur,Malaysia,Thailand,Malaysia,field,Kinrara Academy Oval,Malaysia,M Syahadat Ramli,2072,"Kinrara Academy Oval, Kuala Lumpur",218,11,3,7,1,781,Kuala Lumpur,2019-06-24,10:00:00,101.68653,3.1412
1186490,Malaysia Tri-Nation T20I Series,2019,3.0,Kuala Lumpur,Maldives,Thailand,Thailand,bat,Kinrara Academy Oval,Maldives,MNR Cooray,2072,"Kinrara Academy Oval, Kuala Lumpur",240,14,2,9,1,781,Kuala Lumpur,2019-06-26,10:00:00,101.68653,3.1412
1186491,Malaysia Tri-Nation T20I Series,2019,4.0,Kuala Lumpur,Malaysia,Thailand,Thailand,bat,Kinrara Academy Oval,Malaysia,Anwar Rahman,2072,"Kinrara Academy Oval, Kuala Lumpur",231,9,3,1,3,781,Kuala Lumpur,2019-06-27,10:00:00,101.68653,3.1412
1186492,Malaysia Tri-Nation T20I Series,2019,5.0,Kuala Lumpur,Malaysia,Maldives,Malaysia,bat,Kinrara Academy Oval,,,2072,"Kinrara Academy Oval, Kuala Lumpur",120,6,1,2,1,781,Kuala Lumpur,2019-06-28,10:00:00,101.68653,3.1412
1186493,Malaysia Tri-Nation T20I Series,2019,6.0,Kuala Lumpur,Maldives,Thailand,Thailand,field,Kinrara Academy Oval,Thailand,N Pathan,2072,"Kinrara Academy Oval, Kuala Lumpur",297,13,4,5,0,781,Kuala Lumpur,2019-06-29,10:00:00,101.68653,3.1412
1189743,ICC Men's T20 World Cup Europe Region Final,2019,9.0,Castel,Guernsey,Denmark,Denmark,field,King George V Sports Ground,Guernsey,ND Laegsgaard,2389,"King George V Sports Ground, Castel",210,13,7,5,1,1214,Castel,2019-06-20,10:45:00,9.11917,39.23054
1189744,ICC Men's T20 World Cup Europe Region Final,2019,11.0,Castel,Denmark,Italy,Denmark,bat,King George V Sports Ground,Denmark,Zishan Shah,2389,"King George V Sports Ground, Castel",273,20,6,10,0,1214,Castel,2019-06-20,15:45:00,9.11917,39.23054
1192223,Nepal tour of Malaysia,2019,1.0,Kuala Lumpur,Malaysia,Nepal,Malaysia,bat,Kinrara Academy Oval,Nepal,P Khadka,2072,"Kinrara Academy Oval, Kuala Lumpur",247,11,4,6,1,781,Kuala Lumpur,2019-07-13,10:00:00,101.68653,3.1412
1192224,Nepal tour of Malaysia,2019,2.0,Kuala Lumpur,Malaysia,Nepal,Nepal,bat,Kinrara Academy Oval,Nepal,B Bhandari,2072,"Kinrara Academy Oval, Kuala Lumpur",328,12,0,12,0,781,Kuala Lumpur,2019-07-14,10:00:00,101.68653,3.1412
1197398,ICC Men's T20 World Cup Americas Region Final,2019,3.0,Hamilton,Bermuda,Canada,Bermuda,bat,National Stadium,,,674,"National Stadium, Hamilton",112,9,1,8,0,70,Hamilton,2019-08-19,11:00:00,-98.12392,31.70377
1197399,ICC Men's T20 World Cup Americas Region Final,2019,4.0,Hamilton,Cayman Islands,United States of America,United States of America,field,National Stadium,United States of America,,674,"National Stadium, Hamilton",111,15,1,6,2,70,Hamilton,2019-08-19,15:30:00,-98.12392,31.70377
1202007,Vanuatu tour of Malaysia,2019/20,1.0,Kuala Lumpur,Malaysia,Vanuatu,Vanuatu,bat,Kinrara Academy Oval,Vanuatu,J Rasu,2072,"Kinrara Academy Oval, Kuala Lumpur",262,16,3,7,2,781,Kuala Lumpur,2019-09-29,10:00:00,101.68653,3.1412
1202008,Vanuatu tour of Malaysia,2019/20,2.0,Kuala Lumpur,Malaysia,Vanuatu,Vanuatu,bat,Kinrara Academy Oval,Vanuatu,PK Matautaava,2072,"Kinrara Academy Oval, Kuala Lumpur",310,12,4,7,1,781,Kuala Lumpur,2019-10-01,19:00:00,101.68653,3.1412
1202009,Vanuatu tour of Malaysia,2019/20,3.0,Kuala Lumpur,Malaysia,Vanuatu,Malaysia,bat,Kinrara Academy Oval,Malaysia,N Nipiko,2072,"Kinrara Academy Oval, Kuala Lumpur",221,17,4,9,2,781,Kuala Lumpur,2019-10-02,19:00:00,101.68653,3.1412
1202010,Vanuatu tour of Malaysia,2019/20,4.0,Kuala Lumpur,Malaysia,Vanuatu,Malaysia,bat,Kinrara Academy Oval,Vanuatu,J Rasu,2072,"Kinrara Academy Oval, Kuala Lumpur",269,9,3,6,0,781,Kuala Lumpur,2019-10-03,14:45:00,101.68653,3.1412
1202011,Vanuatu tour of Malaysia,2019/20,5.0,Kuala Lumpur,Malaysia,Vanuatu,Malaysia,bat,Kinrara Academy Oval,Malaysia,Syed Aziz,2072,"Kinrara Academy Oval, Kuala Lumpur",369,11,3,8,0,781,Kuala Lumpur,2019-10-04,19:00:00,101.68653,3.1412
1215136,Hong Kong tour of Malaysia,2019/20,1.0,Kuala Lumpur,Malaysia,Hong Kong,Malaysia,bat,Kinrara Academy Oval,Malaysia,Khizar Hayat,2072,"Kinrara Academy Oval, Kuala Lumpur",172,12,4,5,1,781,Kuala Lumpur,2020-02-20,19:30:00,101.68653,3.1412
1215137,Hong Kong tour of Malaysia,2019/20,2.0,Kuala Lumpur,Malaysia,Hong Kong,Malaysia,bat,Kinrara Academy Oval,Malaysia,Virandeep Singh,2072,"Kinrara Academy Oval, Kuala Lumpur",227,15,4,7,0,781,Kuala Lumpur,2020-02-21,19:30:00,101.68653,3.1412
1215138,Hong Kong tour of Malaysia,2019/20,3.0,Kuala Lumpur,Malaysia,Hong Kong,Malaysia,bat,Kinrara Academy Oval,Malaysia,Ahmed Faiz,2072,"Kinrara Academy Oval, Kuala Lumpur",278,16,5,8,3,781,Kuala Lumpur,2020-02-23,19:30:00,101.68653,3.1412
1215139,Hong Kong tour of Malaysia,2019/20,4.0,Kuala Lumpur,Malaysia,Hong Kong,Malaysia,bat,Kinrara Academy Oval,Malaysia,Virandeep Singh,2072,"Kinrara Academy Oval, Kuala Lumpur",307,13,3,8,0,781,Kuala Lumpur,2020-02-24,14:00:00,101.68653,3.1412
1215140,Hong Kong tour of Malaysia,2019/20,5.0,Kuala Lumpur,Malaysia,Hong Kong,Hong Kong,bat,Kinrara Academy Oval,Malaysia,KD Shah,2072,"Kinrara Academy Oval, Kuala Lumpur",342,10,1,9,0,781,Kuala Lumpur,2020-02-26,10:00:00,101.68653,3.1412
1229824,Isle of Man tour of Guernsey,2020,,St Peter Port,Isle of Man,Guernsey,Isle of Man,bat,College Field,Guernsey,IDA Damarell,2388,"College Field, St Peter Port",229,11,5,5,0,1213,St Peter Port,2020-08-21,14:00:00,-2.5546551,49.4520466
1268188,Belgium tour of Malta,2021,1.0,Marsa,Belgium,Malta,Belgium,bat,Marsa Sports Club,Malta,N Khanna,1870,Marsa Sports Club,176,14,3,8,0,1045,Marsa,2021-07-08,09:30:00,14.4870671,35.8757921
1268189,Belgium tour of Malta,2021,2.0,Marsa,Malta,Belgium,Malta,bat,Marsa Sports Club,Belgium,B Niaz,1870,Marsa Sports Club,97,10,3,4,1,1045,Marsa,2021-07-08,14:30:00,14.4870671,35.8757921
1268190,Belgium tour of Malta,2021,3.0,Marsa,Malta,Belgium,Belgium,field,Marsa Sports Club,Belgium,Sheraz Sheikh,1870,Marsa Sports Club,202,15,2,10,2,1045,Marsa,2021-07-09,13:00:00,14.4870671,35.8757921
1268191,Belgium tour of Malta,2021,4.0,Marsa,Belgium,Malta,Belgium,bat,Marsa Sports Club,Malta,Bilal Muhammad,1870,Marsa Sports Club,222,20,2,11,6,1045,Marsa,2021-07-10,09:30:00,14.4870671,35.8757921
1268192,Belgium tour of Malta,2021,5.0,Marsa,Belgium,Malta,Belgium,bat,Marsa Sports Club,Belgium,,1870,Marsa Sports Club,283,16,7,7,2,1045,Marsa,2021-07-10,14:30:00,14.4870671,35.8757921
1273133,Sweden tour of Denmark,2021,2.0,Brondby,Denmark,Sweden,Sweden,field,"Svanholm Park, Brondby",Sweden,HAM Shah,1988,"Svanholm Park, Brondby",239,12,1,7,1,1047,Brondby,2021-08-14,14:00:00,12.4278587,55.6288169
1273134,Sweden tour of Denmark,2021,3.0,Brondby,Sweden,Denmark,Denmark,field,"Svanholm Park, Brondby",Denmark,T Bharaj,1988,"Svanholm Park, Brondby",233,13,3,8,2,1047,Brondby,2021-08-15,13:00:00,12.4278587,55.6288169
1282272,Valletta Cup,2021/22,1.0,Marsa,Malta,Gibraltar,Malta,bat,Marsa Sports Club,Malta,HS Gericke,1870,Marsa Sports Club,328,7,2,4,0,1045,Marsa,2021-10-21,14:00:00,14.4870671,35.8757921
1282273,Valletta Cup,2021/22,2.0,Marsa,Gibraltar,Switzerland,Gibraltar,bat,Marsa Sports Club,Switzerland,Osama Mahmood,1870,Marsa Sports Club,229,10,0,8,1,1045,Marsa,2021-10-22,10:00:00,14.4870671,35.8757921
1282275,Valletta Cup,2021/22,3.0,Marsa,Bulgaria,Switzerland,Bulgaria,bat,Marsa Sports Club,Switzerland,NK Aneesh Kumar,1870,Marsa Sports Club,139,12,4,5,1,1045,Marsa,2021-10-22,14:00:00,14.4870671,35.8757921
1282276,Valletta Cup,2021/22,5.0,Marsa,Switzerland,Malta,Switzerland,bat,Marsa Sports Club,Switzerland,,1870,Marsa Sports Club,255,18,3,14,1,1045,Marsa,2021-10-23,11:30:00,14.4870671,35.8757921
1282278,Valletta Cup,2021/22,,Marsa,Gibraltar,Bulgaria,Gibraltar,bat,Marsa Sports Club,Bulgaria,H Lakov,1870,Marsa Sports Club,332,15,4,2,1,1045,Marsa,2021-10-24,10:00:00,14.4870671,35.8757921
1282279,Valletta Cup,2021/22,,Marsa,Malta,Switzerland,Malta,bat,Marsa Sports Club,Malta,VP Thamotharam,1870,Marsa Sports Club,315,14,2,8,1,1045,Marsa,2021-10-24,14:00:00,14.4870671,35.8757921
1310167,Finland tour of Denmark,2022,1.0,Brondby,Denmark,Finland,Finland,field,"Svanholm Park, Brondby",Finland,Rizwan Mahmood,1988,"Svanholm Park, Brondby",260,15,4,6,2,1047,Brondby,2022-05-07,11:00:00,12.4278587,55.6288169
1310168,Finland tour of Denmark,2022,2.0,Brondby,Denmark,Finland,Finland,field,"Svanholm Park, Brondby",Denmark,T Bharaj,1988,"Svanholm Park, Brondby",193,16,3,10,1,1047,Brondby,2022-05-07,15:00:00,12.4278587,55.6288169
1310169,Finland tour of Denmark,2022,3.0,Brondby,Denmark,Finland,Denmark,bat,"Svanholm Park, Brondby",Denmark,HAM Shah,1988,"Svanholm Park, Brondby",260,14,1,7,1,1047,Brondby,2022-05-08,11:00:00,12.4278587,55.6288169
1310170,Valletta Cup,2022,1.0,Marsa,Gibraltar,Malta,Malta,field,Marsa Sports Club,Malta,B George,1870,Marsa Sports Club,220,11,3,7,1,1045,Marsa,2022-05-10,08:30:00,14.4870671,35.8757921
1310171,Valletta Cup,2022,2.0,Marsa,Malta,Hungary,Hungary,field,Marsa Sports Club,Malta,B Arora,1870,Marsa Sports Club,321,13,5,7,0,1045,Marsa,2022-05-10,12:00:00,14.4870671,35.8757921
1310172,Valletta Cup,2022,3.0,Marsa,Gibraltar,Hungary,Hungary,field,Marsa Sports Club,Hungary,HV Mandhyan,1870,Marsa Sports Club,249,14,1,11,1,1045,Marsa,2022-05-10,15:30:00,14.4870671,35.8757921
1310173,Valletta Cup,2022,4.0,Marsa,Romania,Malta,Malta,field,Marsa Sports Club,Malta,B George,1870,Marsa Sports Club,304,11,0,7,0,1045,Marsa,2022-05-11,08:30:00,14.4870671,35.8757921
1310174,Valletta Cup,2022,5.0,Marsa,Czech Republic,Gibraltar,Czech Republic,bat,Marsa Sports Club,Czech Republic,S Davizi,1870,Marsa Sports Club,293,14,4,6,0,1045,Marsa,2022-05-11,12:00:00,14.4870671,35.8757921
1310175,Valletta Cup,2022,6.0,Marsa,Hungary,Bulgaria,Bulgaria,field,Marsa Sports Club,Hungary,A Kheterpal,1870,Marsa Sports Club,269,19,6,5,1,1045,Marsa,2022-05-11,15:30:00,14.4870671,35.8757921
1310176,Valletta Cup,2022,7.0,Marsa,Malta,Czech Republic,Czech Republic,field,Marsa Sports Club,Malta,B George,1870,Marsa Sports Club,292,17,2,10,2,1045,Marsa,2022-05-12,08:30:00,14.4870671,35.8757921
1310177,Valletta Cup,2022,8.0,Marsa,Czech Republic,Bulgaria,Czech Republic,bat,Marsa Sports Club,Czech Republic,S Davizi,1870,Marsa Sports Club,390,9,1,4,1,1045,Marsa,2022-05-12,12:00:00,14.4870671,35.8757921
1310178,Valletta Cup,2022,9.0,Marsa,Romania,Hungary,Romania,bat,Marsa Sports Club,Hungary,Zahir Mohammed,1870,Marsa Sports Club,292,12,1,6,0,1045,Marsa,2022-05-12,15:30:00,14.4870671,35.8757921
1310179,Valletta Cup,2022,10.0,Marsa,Gibraltar,Bulgaria,Gibraltar,bat,Marsa Sports Club,Gibraltar,L Bruce,1870,Marsa Sports Club,368,6,0,5,0,1045,Marsa,2022-05-13,08:30:00,14.4870671,35.8757921
1310180,Valletta Cup,2022,11.0,Marsa,Romania,Czech Republic,Romania,bat,Marsa Sports Club,Romania,Taranjeet Singh,1870,Marsa Sports Club,337,13,3,8,1,1045,Marsa,2022-05-13,12:00:00,14.4870671,35.8757921
1310181,Valletta Cup,2022,12.0,Marsa,Bulgaria,Romania,Bulgaria,bat,Marsa Sports Club,Romania,R Satheesan,1870,Marsa Sports Club,235,9,1,4,2,1045,Marsa,2022-05-13,15:30:00,14.4870671,35.8757921
1310182,Valletta Cup,2022,13.0,Marsa,Hungary,Czech Republic,Hungary,bat,Marsa Sports Club,Czech Republic,A Ashokan,1870,Marsa Sports Club,320,10,5,5,0,1045,Marsa,2022-05-14,08:30:00,14.4870671,35.8757921
1310183,Valletta Cup,2022,14.0,Marsa,Gibraltar,Romania,Gibraltar,bat,Marsa Sports Club,Romania,R Satheesan,1870,Marsa Sports Club,264,13,4,6,0,1045,Marsa,2022-05-14,12:00:00,14.4870671,35.8757921
1310184,Valletta Cup,2022,15.0,Marsa,Bulgaria,Malta,Bulgaria,bat,Marsa Sports Club,Malta,Saim Hussain,1870,Marsa Sports Club,365,9,2,5,0,1045,Marsa,2022-05-14,15:30:00,14.4870671,35.8757921
1310185,Valletta Cup,2022,,Marsa,Gibraltar,Bulgaria,Gibraltar,bat,Marsa Sports Club,Bulgaria,KC D'Souza,1870,Marsa Sports Club,298,12,3,5,2,1045,Marsa,2022-05-15,08:30:00,14.4870671,35.8757921
1310186,Valletta Cup,2022,,Marsa,Czech Republic,Hungary,Hungary,field,Marsa Sports Club,Czech Republic,Dylan Steyn,1870,Marsa Sports Club,352,11,2,6,1,1045,Marsa,2022-05-15,12:00:00,14.4870671,35.8757921
1310187,Valletta Cup,2022,,Marsa,Romania,Malta,Romania,bat,Marsa Sports Club,Romania,Taranjeet Singh,1870,Marsa Sports Club,315,13,2,5,4,1045,Marsa,2022-05-15,15:30:00,14.4870671,35.8757921
1310188,Inter-Insular T20 Series,2022,1.0,St Peter Port,Jersey,Guernsey,Guernsey,field,"College Field, St Peter Port",Jersey,H Carlyon,2388,"College Field, St Peter Port",304,11,2,8,1,1213,St Peter Port,2022-05-20,16:00:00,-2.5546551,49.4520466
1359786,Bermuda tour of Argentina,2022/23,1.0,Buenos Aires,Argentina,Bermuda,Argentina,bat,"St Albans Club, Buenos Aires",Bermuda,,2034,"St Albans Club, Buenos Aires",136,15,3,9,0,1,Buenos Aires,2023-02-21,14:00:00,-79.96417,-5.26083
1359787,Bermuda tour of Argentina,2022/23,2.0,Buenos Aires,Bermuda,Argentina,Argentina,field,"Belgrano Athletic Club Ground, Buenos Aires",Bermuda,,325,"Belgrano Athletic Club Ground, Buenos Aires",321,9,3,5,1,1,Buenos Aires,2023-02-22,15:00:00,-79.96417,-5.26083
1359788,ICC Men's T20 World Cup Americas Region Qualifier,2022/23,5.0,Buenos Aires,Cayman Islands,Bahamas,Cayman Islands,bat,"St Albans Club, Buenos Aires",Cayman Islands,YSD Seneveratne,2034,"St Albans Club, Buenos Aires",202,19,4,12,1,1,Buenos Aires,2023-02-28,10:30:00,-79.96417,-5.26083
1359789,ICC Men's T20 World Cup Americas Region Qualifier,2022/23,6.0,Buenos Aires,Bermuda,Panama,Bermuda,bat,"Belgrano Athletic Club Ground, Buenos Aires",Bermuda,KS Leverock,325,"Belgrano Athletic Club Ground, Buenos Aires",302,7,2,3,0,1,Buenos Aires,2023-02-28,15:00:00,-79.96417,-5.26083
1359792,ICC Men's T20 World Cup Americas Region Qualifier,2022/23,3.0,Buenos Aires,Panama,Bahamas,Panama,bat,"Hurlingham Club Ground, Buenos Aires",Bahamas,M Taylor,267,"Hurlingham Club Ground, Buenos Aires",192,17,5,6,2,1,Buenos Aires,2023-02-26,10:30:00,-79.96417,-5.26083
1359793,ICC Men's T20 World Cup Americas Region Qualifier,2022/23,4.0,Buenos Aires,Bermuda,Argentina,Bermuda,bat,"Belgrano Athletic Club Ground, Buenos Aires",Bermuda,DMW Rawlins,325,"Belgrano Athletic Club Ground, Buenos Aires",300,12,6,4,0,1,Buenos Aires,2023-02-26,15:00:00,-79.96417,-5.26083
1359794,ICC Men's T20 World Cup Americas Region Qualifier,2022/23,1.0,Buenos Aires,Panama,Argentina,Argentina,field,"Hurlingham Club Ground, Buenos Aires",Panama,,267,"Hurlingham Club Ground, Buenos Aires",208,20,4,9,3,1,Buenos Aires,2023-02-25,10:30:00,-79.96417,-5.26083
1359795,ICC Men's T20 World Cup Americas Region Qualifier,2022/23,2.0,Buenos Aires,Bermuda,Cayman Islands,Bermuda,bat,"St Albans Club, Buenos Aires",Bermuda,KS Leverock,2034,"St Albans Club, Buenos Aires",227,13,1,8,2,1,Buenos Aires,2023-02-25,15:00:00,-79.96417,-5.26083
1359798,ICC Men's T20 World Cup Americas Region Qualifier,2022/23,8.0,Buenos Aires,Argentina,Bahamas,Argentina,bat,"St Albans Club, Buenos Aires",Argentina,LA Musiani,2034,"St Albans Club, Buenos Aires",163,19,5,7,3,1,Buenos Aires,2023-03-02,15:00:00,-79.96417,-5.26083
1359799,ICC Men's T20 World Cup Americas Region Qualifier,2022/23,7.0,Buenos Aires,Cayman Islands,Panama,Cayman Islands,bat,"Hurlingham Club Ground, Buenos Aires",Cayman Islands,RA Sealy,267,"Hurlingham Club Ground, Buenos Aires",239,17,2,12,0,1,Buenos Aires,2023-03-02,10:30:00,-79.96417,-5.26083
1359800,ICC Men's T20 World Cup Americas Region Qualifier,2022/23,9.0,Buenos Aires,Bahamas,Bermuda,Bermuda,field,"Hurlingham Club Ground, Buenos Aires",Bermuda,KS Leverock,267,"Hurlingham Club Ground, Buenos Aires",136,10,1,8,1,1,Buenos Aires,2023-03-04,10:30:00,-79.96417,-5.26083
1359802,ICC Men's T20 World Cup Americas Region Qualifier,2022/23,10.0,Buenos Aires,Argentina,Cayman Islands,Argentina,bat,"Belgrano Athletic Club Ground, Buenos Aires",Cayman Islands,,325,"Belgrano Athletic Club Ground, Buenos Aires",231,14,6,4,1,1,Buenos Aires,2023-03-04,15:00:00,-79.96417,-5.26083
1370782,Nordic T20 Cup,2023,1.0,Brondby,Norway,Denmark,Norway,bat,"Svanholm Park, Brondby",Denmark,ND Laegsgaard,1988,"Svanholm Park, Brondby",192,10,2,6,2,1047,Brondby,2023-05-18,11:00:00,12.4278587,55.6288169
1370783,Nordic T20 Cup,2023,2.0,Brondby,Denmark,Finland,Denmark,bat,"Svanholm Park, Brondby",Denmark,SA Ahmad,1988,"Svanholm Park, Brondby",263,13,4,6,3,1047,Brondby,2023-05-18,15:30:00,12.4278587,55.6288169
1370785,Nordic T20 Cup,2023,4.0,Brondby,Denmark,Sweden,Sweden,field,"Svanholm Park, Brondby",Sweden,Choudry Share Ali,1988,"Svanholm Park, Brondby",204,11,1,6,1,1047,Brondby,2023-05-19,11:00:00,12.4278587,55.6288169
1370787,Nordic T20 Cup,2023,6.0,Brondby,Finland,Denmark,Finland,bat,"Svanholm Park, Brondby",Denmark,HAM Shah,1988,"Svanholm Park, Brondby",179,13,3,6,1,1047,Brondby,2023-05-19,15:30:00,12.4278587,55.6288169
1381451,Austria tour of Netherlands,2023,1.0,Deventer,Austria,Germany,Germany,field,"Sportpark Het Schootsveld, Deventer",Germany,,1123,"Sportpark Het Schootsveld, Deventer",204,14,3,8,3,785,Deventer,2023-06-29,13:00:00,6.16389,52.255
1381452,Austria tour of Netherlands,2023,2.0,Deventer,Austria,Germany,Germany,field,"Sportpark Het Schootsveld, Deventer",Germany,,1123,"Sportpark Het Schootsveld, Deventer",230,11,4,4,1,785,Deventer,2023-06-30,11:30:00,6.16389,52.255
1384582,Mdina Cup,2023,1.0,Marsa,France,Malta,Malta,field,Marsa Sports Club,France,Usman Khan,1870,Marsa Sports Club,207,21,2,15,0,1045,Marsa,2023-07-10,08:30:00,14.4870671,35.8757921
1384583,Mdina Cup,2023,2.0,Marsa,Malta,France,Malta,bat,Marsa Sports Club,Malta,,1870,Marsa Sports Club,225,19,4,13,0,1045,Marsa,2023-07-10,12:15:00,14.4870671,35.8757921
1384584,Mdina Cup,2023,3.0,Marsa,Malta,Luxembourg,Luxembourg,field,Marsa Sports Club,Malta,Zeeshan Khan,1870,Marsa Sports Club,300,17,4,8,2,1045,Marsa,2023-07-11,08:30:00,14.4870671,35.8757921
1384585,Mdina Cup,2023,4.0,Marsa,France,Luxembourg,France,bat,Marsa Sports Club,France,SM Warnakulasuriya,1870,Marsa Sports Club,273,15,3,11,0,1045,Marsa,2023-07-11,12:15:00,14.4870671,35.8757921
1384586,Mdina Cup,2023,5.0,Marsa,Malta,Luxembourg,Malta,bat,Marsa Sports Club,Luxembourg,E Jabarkhel,1870,Marsa Sports Club,299,10,1,8,0,1045,Marsa,2023-07-12,08:30:00,14.4870671,35.8757921
1384587,Mdina Cup,2023,6.0,Marsa,Luxembourg,France,Luxembourg,bat,Marsa Sports Club,France,G Mckeon,1870,Marsa Sports Club,210,11,2,8,1,1045,Marsa,2023-07-12,12:15:00,14.4870671,35.8757921
1384588,Valletta Cup,2023,1.0,Marsa,France,Malta,France,bat,Marsa Sports Club,France,Usman Khan,1870,Marsa Sports Club,261,17,1,13,2,1045,Marsa,2023-07-12,16:00:00,14.4870671,35.8757921
1384589,Valletta Cup,2023,2.0,Marsa,Luxembourg,Malta,Malta,field,Marsa Sports Club,Malta,Fanyan Mughal,1870,Marsa Sports Club,323,10,1,7,0,1045,Marsa,2023-07-13,08:30:00,14.4870671,35.8757921
1384590,Valletta Cup,2023,3.0,Marsa,Romania,Switzerland,Switzerland,field,Marsa Sports Club,Switzerland,Faheem Nazir,1870,Marsa Sports Club,263,9,0,5,2,1045,Marsa,2023-07-13,12:15:00,14.4870671,35.8757921
1384591,Valletta Cup,2023,4.0,Marsa,France,Romania,France,bat,Marsa Sports Club,France,L Canessane,1870,Marsa Sports Club,265,13,2,10,1,1045,Marsa,2023-07-13,16:00:00,14.4870671,35.8757921
1384592,Valletta Cup,2023,5.0,Marsa,Luxembourg,Switzerland,Switzerland,field,Marsa Sports Club,Switzerland,Osama Mahmood,1870,Marsa Sports Club,210,10,1,7,1,1045,Marsa,2023-07-14,08:30:00,14.4870671,35.8757921
1384593,Valletta Cup,2023,6.0,Marsa,Malta,Romania,Malta,bat,Marsa Sports Club,Malta,Zeeshan Khan,1870,Marsa Sports Club,318,16,2,11,0,1045,Marsa,2023-07-14,12:15:00,14.4870671,35.8757921
1384594,Valletta Cup,2023,7.0,Marsa,France,Switzerland,France,bat,Marsa Sports Club,Switzerland,Faheem Nazir,1870,Marsa Sports Club,282,8,2,6,0,1045,Marsa,2023-07-14,16:00:00,14.4870671,35.8757921
1384595,Valletta Cup,2023,8.0,Marsa,Romania,Luxembourg,Romania,bat,Marsa Sports Club,Luxembourg,V Vijh,1870,Marsa Sports Club,306,10,0,8,0,1045,Marsa,2023-07-15,08:30:00,14.4870671,35.8757921
1384596,Valletta Cup,2023,9.0,Marsa,Malta,Switzerland,Switzerland,field,Marsa Sports Club,Switzerland,K Fletcher,1870,Marsa Sports Club,288,13,4,7,1,1045,Marsa,2023-07-15,12:15:00,14.4870671,35.8757921
1384597,Valletta Cup,2023,10.0,Marsa,France,Luxembourg,France,bat,Marsa Sports Club,Luxembourg,Anoop Orsu,1870,Marsa Sports Club,363,11,1,10,0,1045,Marsa,2023-07-15,16:00:00,14.4870671,35.8757921
1384598,Valletta Cup,2023,,Marsa,France,Malta,France,bat,Marsa Sports Club,Malta,Waqas Ahmad,1870,Marsa Sports Club,140,13,4,6,1,1045,Marsa,2023-07-16,08:30:00,14.4870671,35.8757921
1384599,Valletta Cup,2023,,Marsa,Luxembourg,Romania,Romania,field,Marsa Sports Club,Romania,V Saini,1870,Marsa Sports Club,283,12,4,5,2,1045,Marsa,2023-07-16,12:15:00,14.4870671,35.8757921
1384600,Valletta Cup,2023,,Marsa,Malta,Switzerland,Malta,bat,Marsa Sports Club,Switzerland,Arjun Vinod,1870,Marsa Sports Club,313,10,3,6,1,1045,Marsa,2023-07-16,16:00:00,14.4870671,35.8757921
1387243,Germany tour of Netherlands,2023,1.0,Deventer,Guernsey,Germany,Germany,field,"Sportpark Het Schootsveld, Deventer",Germany,Fayaz Khan,1123,"Sportpark Het Schootsveld, Deventer",181,11,5,3,2,785,Deventer,2023-08-14,11:00:00,6.16389,52.255
1387244,Germany tour of Netherlands,2023,2.0,Deventer,Germany,Guernsey,Germany,bat,"Sportpark Het Schootsveld, Deventer",Guernsey,MWR Stokes,1123,"Sportpark Het Schootsveld, Deventer",317,11,2,7,0,785,Deventer,2023-08-14,15:00:00,6.16389,52.255
1387245,Germany tour of Netherlands,2023,3.0,Deventer,Guernsey,Germany,Guernsey,bat,"Sportpark Het Schootsveld, Deventer",Guernsey,J Butler,1123,"Sportpark Het Schootsveld, Deventer",303,14,4,7,0,785,Deventer,2023-08-15,11:00:00,6.16389,52.255
1399154,ICC Men's T20 World Cup Americas Region Final,2023/24,5.0,Hamilton,Canada,Panama,Canada,bat,"National Stadium, Hamilton",Canada,A Johnson,674,"National Stadium, Hamilton",280,15,4,5,4,70,Hamilton,2023-10-03,10:00:00,-98.12392,31.70377
1399155,ICC Men's T20 World Cup Americas Region Final,2023/24,6.0,Hamilton,Bermuda,Cayman Islands,Bermuda,bat,"National Stadium, Hamilton",Bermuda,DL Brangman,674,"National Stadium, Hamilton",282,15,4,8,1,70,Hamilton,2023-10-03,14:30:00,-98.12392,31.70377
1399156,ICC Men's T20 World Cup Americas Region Final,2023/24,7.0,Hamilton,Canada,Cayman Islands,Canada,bat,"National Stadium, Hamilton",Canada,Pargat Singh,674,"National Stadium, Hamilton",205,15,3,5,5,70,Hamilton,2023-10-04,10:00:00,-98.12392,31.70377
1399157,ICC Men's T20 World Cup Americas Region Final,2023/24,8.0,Hamilton,Panama,Bermuda,Bermuda,field,"National Stadium, Hamilton",Bermuda,DMW Rawlins,674,"National Stadium, Hamilton",169,15,3,10,0,70,Hamilton,2023-10-04,14:30:00,-98.12392,31.70377
1399161,ICC Men's T20 World Cup Americas Region Final,2023/24,12.0,Hamilton,Canada,Bermuda,Canada,bat,"National Stadium, Hamilton",Canada,Kaleem Sana,674,"National Stadium, Hamilton",211,15,1,11,1,70,Hamilton,2023-10-07,14:30:00,-98.12392,31.70377
1403297,South American Men's Championships,2023/24,3.0,,Chile,Mexico,Chile,bat,St Georges Quilmes,Mexico,Shashikant Laxman,2420,"St George's College Ground, Buenos Aires",127,12,2,6,3,1,Buenos Aires,2023-10-18,14:30:00,-58.37723,-34.61315
1403301,South American Men's Championships,2023/24,7.0,,Mexico,Argentina,Argentina,field,St Georges Quilmes,Argentina,T Rossi,2420,"St George's College Ground, Buenos Aires",224,13,4,3,4,1,Buenos Aires,2023-10-19,14:30:00,-58.37723,-34.61315
1403305,South American Men's Championships,2023/24,11.0,,Chile,Argentina,Chile,bat,St Georges Quilmes,Argentina,Lucas Rossi,2420,"St George's College Ground, Buenos Aires",82,10,3,3,1,1,Buenos Aires,2023-10-20,14:30:00,-58.37723,-34.61315
1438073,Jersey tour of Denmark,2024,2.0,Brondby,Denmark,Jersey,Jersey,field,"Svanholm Park, Brondby",Jersey,AM Tribe,1988,"Svanholm Park, Brondby",228,14,2,8,1,1047,Brondby,2024-06-16,10:30:00,12.4278587,55.6288169
1438074,Jersey tour of Denmark,2024,3.0,Brondby,Jersey,Denmark,Denmark,field,"Svanholm Park, Brondby",Jersey,AM Tribe,1988,"Svanholm Park, Brondby",283,17,4,13,0,1047,Brondby,2024-06-16,15:00:00,12.4278587,55.6288169
1440129,Jersey tour of Guernsey,2024,1.0,Castel,Guernsey,Jersey,Jersey,field,"King George V Sports Ground, Castel",Jersey,NA Greenwood,2389,"King George V Sports Ground, Castel",299,9,3,5,0,1214,Castel,2024-06-22,11:00:00,9.11917,39.23054
1440130,Jersey tour of Guernsey,2024,2.0,Castel,Guernsey,Jersey,Jersey,field,"King George V Sports Ground, Castel",Jersey,JW Jenner,2389,"King George V Sports Ground, Castel",255,13,0,9,1,1214,Castel,2024-06-22,15:00:00,9.11917,39.23054
1440131,Jersey tour of Guernsey,2024,3.0,Port  Soif,Jersey,Guernsey,Guernsey,field,"Guernsey Rovers Athletic Club Ground, Port Soif",Guernsey,T Nightingale,2390,"Guernsey Rovers Athletic Club Ground, Port Soif",289,16,1,10,1,1215,Port  Soif,2024-06-23,12:00:00,-2.58139,49.48722
1443766,ICC Men's T20 World Cup Sub Regional Europe Qualifier Group C,2024,1.0,Castel,Spain,Cyprus,Cyprus,field,"King George V Sports Ground, Castel",Spain,A Davidson Soler,2389,"King George V Sports Ground, Castel",263,17,6,6,0,1214,Castel,2024-08-21,10:30:00,9.11917,39.23054
1443767,ICC Men's T20 World Cup Sub Regional Europe Qualifier Group C,2024,2.0,Port  Soif,Bulgaria,Guernsey,Bulgaria,bat,"Guernsey Rovers Athletic Club Ground, Port Soif",Guernsey,M Dale-Bradley,2390,"Guernsey Rovers Athletic Club Ground, Port Soif",179,14,1,6,1,1215,Port  Soif,2024-08-21,10:30:00,-2.58139,49.48722
1443768,ICC Men's T20 World Cup Sub Regional Europe Qualifier Group C,2024,3.0,Castel,Denmark,Czech Republic,Denmark,bat,"King George V Sports Ground, Castel",Denmark,HAM Shah,2389,"King George V Sports Ground, Castel",296,14,3,7,2,1214,Castel,2024-08-21,15:30:00,9.11917,39.23054
1443769,ICC Men's T20 World Cup Sub Regional Europe Qualifier Group C,2024,4.0,Port  Soif,Malta,Finland,Malta,bat,"Guernsey Rovers Athletic Club Ground, Port Soif",Finland,NM Salonen,2390,"Guernsey Rovers Athletic Club Ground, Port Soif",213,10,1,4,3,1215,Port  Soif,2024-08-21,15:30:00,-2.58139,49.48722
1443770,ICC Men's T20 World Cup Sub Regional Europe Qualifier Group C,2024,5.0,Castel,Finland,Estonia,Estonia,field,"King George V Sports Ground, Castel",Estonia,S Gooch,2389,"King George V Sports Ground, Castel",267,11,2,8,1,1214,Castel,2024-08-22,10:30:00,9.11917,39.23054
1443771,ICC Men's T20 World Cup Sub Regional Europe Qualifier Group C,2024,6.0,Port  Soif,Denmark,Greece,Greece,field,"Guernsey Rovers Athletic Club Ground, Port Soif",Denmark,HAM Shah,2390,"Guernsey Rovers Athletic Club Ground, Port Soif",274,16,3,10,2,1215,Port  Soif,2024-08-22,10:30:00,-2.58139,49.48722
1443772,ICC Men's T20 World Cup Sub Regional Europe Qualifier Group C,2024,7.0,Castel,Malta,Guernsey,Guernsey,field,"King George V Sports Ground, Castel",Guernsey,J Butler,2389,"King George V Sports Ground, Castel",264,13,3,7,0,1214,Castel,2024-08-22,15:30:00,9.11917,39.23054
1443773,ICC Men's T20 World Cup Sub Regional Europe Qualifier Group C,2024,8.0,Port  Soif,Spain,Czech Republic,Czech Republic,field,"Guernsey Rovers Athletic Club Ground, Port Soif",Spain,Sazib Bhuiyan,2390,"Guernsey Rovers Athletic Club Ground, Port Soif",322,15,3,12,0,1215,Port  Soif,2024-08-22,15:30:00,-2.58139,49.48722
1443775,ICC Men's T20 World Cup Sub Regional Europe Qualifier Group C,2024,10.0,Port  Soif,Finland,Guernsey,Guernsey,field,"Guernsey Rovers Athletic Club Ground, Port Soif",Finland,Raaz Mohammad,2390,"Guernsey Rovers Athletic Club Ground, Port Soif",169,20,2,13,2,1215,Port  Soif,2024-08-24,10:30:00,-2.58139,49.48722
1443776,ICC Men's T20 World Cup Sub Regional Europe Qualifier Group C,2024,11.0,Castel,Greece,Cyprus,Greece,bat,"King George V Sports Ground, Castel",Cyprus,S Burdekin,2389,"King George V Sports Ground, Castel",169,11,1,8,1,1214,Castel,2024-08-24,15:30:00,9.11917,39.23054
1443777,ICC Men's T20 World Cup Sub Regional Europe Qualifier Group C,2024,12.0,Port  Soif,Bulgaria,Estonia,Estonia,field,"Guernsey Rovers Athletic Club Ground, Port Soif",Estonia,Bilal Masud,2390,"Guernsey Rovers Athletic Club Ground, Port Soif",230,12,2,6,0,1215,Port  Soif,2024-08-24,15:30:00,-2.58139,49.48722
1443778,ICC Men's T20 World Cup Sub Regional Europe Qualifier Group C,2024,13.0,Castel,Malta,Bulgaria,Malta,bat,"King George V Sports Ground, Castel",Malta,B George,2389,"King George V Sports Ground, Castel",331,10,1,8,0,1214,Castel,2024-08-25,10:30:00,9.11917,39.23054
1443779,ICC Men's T20 World Cup Sub Regional Europe Qualifier Group C,2024,14.0,Port  Soif,Cyprus,Czech Republic,Cyprus,bat,"Guernsey Rovers Athletic Club Ground, Port Soif",Czech Republic,M Vandrasi,2390,"Guernsey Rovers Athletic Club Ground, Port Soif",118,18,6,6,2,1215,Port  Soif,2024-08-25,10:30:00,-2.58139,49.48722
1443780,ICC Men's T20 World Cup Sub Regional Europe Qualifier Group C,2024,15.0,Castel,Estonia,Guernsey,Guernsey,field,"King George V Sports Ground, Castel",Guernsey,Harry Johnson,2389,"King George V Sports Ground, Castel",189,13,4,8,1,1214,Castel,2024-08-25,15:30:00,9.11917,39.23054
1443781,ICC Men's T20 World Cup Sub Regional Europe Qualifier Group C,2024,16.0,Port  Soif,Greece,Spain,Greece,bat,"Guernsey Rovers Athletic Club Ground, Port Soif",Spain,Yasir Ali,2390,"Guernsey Rovers Athletic Club Ground, Port Soif",177,13,1,10,0,1215,Port  Soif,2024-08-25,15:30:00,-2.58139,49.48722
1443782,ICC Men's T20 World Cup Sub Regional Europe Qualifier Group C,2024,17.0,Castel,Denmark,Cyprus,Denmark,bat,"King George V Sports Ground, Castel",Denmark,HAM Shah,2389,"King George V Sports Ground, Castel",249,13,3,8,1,1214,Castel,2024-08-27,10:30:00,9.11917,39.23054
1443783,ICC Men's T20 World Cup Sub Regional Europe Qualifier Group C,2024,18.0,Port  Soif,Finland,Bulgaria,Finland,bat,"Guernsey Rovers Athletic Club Ground, Port Soif",Finland,Atif Rasheed,2390,"Guernsey Rovers Athletic Club Ground, Port Soif",246,18,3,9,2,1215,Port  Soif,2024-08-27,10:30:00,-2.58139,49.48722
1443784,ICC Men's T20 World Cup Sub Regional Europe Qualifier Group C,2024,19.0,Castel,Czech Republic,Greece,Czech Republic,bat,"King George V Sports Ground, Castel",Czech Republic,M Vandrasi,2389,"King George V Sports Ground, Castel",216,16,2,7,2,1214,Castel,2024-08-27,15:30:00,9.11917,39.23054
1443785,ICC Men's T20 World Cup Sub Regional Europe Qualifier Group C,2024,20.0,Port  Soif,Malta,Estonia,Malta,bat,"Guernsey Rovers Athletic Club Ground, Port Soif",Estonia,Habib Khan,2390,"Guernsey Rovers Athletic Club Ground, Port Soif",234,13,3,7,2,1215,Port  Soif,2024-08-27,15:30:00,-2.58139,49.48722
1443786,ICC Men's T20 World Cup Sub Regional Europe Qualifier Group C,2024,,Castel,Spain,Finland,Finland,field,"King George V Sports Ground, Castel",Spain,C Rumistrzewicz,2389,"King George V Sports Ground, Castel",283,13,4,7,2,1214,Castel,2024-08-28,10:30:00,9.11917,39.23054
1443787,ICC Men's T20 World Cup Sub Regional Europe Qualifier Group C,2024,,Port  Soif,Cyprus,Malta,Malta,field,"Guernsey Rovers Athletic Club Ground, Port Soif",Cyprus,S Burdekin,2390,"Guernsey Rovers Athletic Club Ground, Port Soif",239,18,2,13,0,1215,Port  Soif,2024-08-28,10:30:00,-2.58139,49.48722
1443788,ICC Men's T20 World Cup Sub Regional Europe Qualifier Group C,2024,,Port  Soif,Czech Republic,Estonia,Estonia,field,"Guernsey Rovers Athletic Club Ground, Port Soif",Estonia,Bilal Masud,2390,"Guernsey Rovers Athletic Club Ground, Port Soif",214,13,1,10,0,1215,Port  Soif,2024-08-28,15:30:00,-2.58139,49.48722
1443789,ICC Men's T20 World Cup Sub Regional Europe Qualifier Group C,2024,,Castel,Denmark,Guernsey,Guernsey,field,"King George V Sports Ground, Castel",Guernsey,MWR Stokes,2389,"King George V Sports Ground, Castel",301,11,2,7,1,1214,Castel,2024-08-28,15:30:00,9.11917,39.23054
1450751,ICC Men's T20 World Cup Sub Regional Africa Qualifier,2024,1.0,Dar-es-Salaam,Malawi,Lesotho,Lesotho,field,"Gymkhana Club Ground, Dar-es-Salaam",Malawi,Sami Sohail,2394,"Gymkhana Club Ground, Dar-es-Salaam",175,14,4,7,1,1087,Dar-es-Salaam,2024-09-21,09:30:00,39.26951,-6.82349
1450752,ICC Men's T20 World Cup Sub Regional Africa Qualifier,2024,2.0,Dar-es-Salaam,Cameroon,Ghana,Cameroon,bat,"Gymkhana Club Ground, Dar-es-Salaam",Ghana,R Baaleri,2394,"Gymkhana Club Ground, Dar-es-Salaam",73,12,7,4,1,1087,Dar-es-Salaam,2024-09-21,13:50:00,39.26951,-6.82349
1450753,ICC Men's T20 World Cup Sub Regional Africa Qualifier,2024,3.0,Dar-es-Salaam,Mali,Tanzania,Tanzania,field,University of Dar-es-Salaam Ground,Tanzania,S Thakor,2075,University of Dar-es-Salaam Ground,27,10,6,3,1,1087,Dar-es-Salaam,2024-09-21,13:50:00,39.19597,-6.83523
1450754,ICC Men's T20 World Cup Sub Regional Africa Qualifier,2024,4.0,Dar-es-Salaam,Mali,Cameroon,Mali,bat,"Gymkhana Club Ground, Dar-es-Salaam",Cameroon,I Tchakou,2394,"Gymkhana Club Ground, Dar-es-Salaam",85,14,8,5,1,1087,Dar-es-Salaam,2024-09-22,09:30:00,39.26951,-6.82349
1450755,ICC Men's T20 World Cup Sub Regional Africa Qualifier,2024,5.0,Dar-es-Salaam,Malawi,Ghana,Ghana,field,University of Dar-es-Salaam Ground,Malawi,MA Baig,2075,University of Dar-es-Salaam Ground,175,15,6,7,0,1087,Dar-es-Salaam,2024-09-22,09:30:00,39.19597,-6.83523
1450757,ICC Men's T20 World Cup Sub Regional Africa Qualifier,2024,7.0,Dar-es-Salaam,Ghana,Lesotho,Ghana,bat,University of Dar-es-Salaam Ground,Ghana,R Baaleri,2075,University of Dar-es-Salaam Ground,184,13,5,6,2,1087,Dar-es-Salaam,2024-09-24,09:30:00,39.19597,-6.83523
1450758,ICC Men's T20 World Cup Sub Regional Africa Qualifier,2024,8.0,Dar-es-Salaam,Cameroon,Tanzania,Cameroon,bat,"Gymkhana Club Ground, Dar-es-Salaam",Tanzania,LS Barkania,2394,"Gymkhana Club Ground, Dar-es-Salaam",68,11,7,1,3,1087,Dar-es-Salaam,2024-09-24,13:50:00,39.26951,-6.82349
1450759,ICC Men's T20 World Cup Sub Regional Africa Qualifier,2024,9.0,Dar-es-Salaam,Mali,Malawi,Mali,bat,University of Dar-es-Salaam Ground,Malawi,SZ Vayani,2075,University of Dar-es-Salaam Ground,79,11,2,8,0,1087,Dar-es-Salaam,2024-09-24,13:50:00,39.19597,-6.83523
1450760,ICC Men's T20 World Cup Sub Regional Africa Qualifier,2024,10.0,Dar-es-Salaam,Ghana,Tanzania,Ghana,bat,University of Dar-es-Salaam Ground,Tanzania,Akhil Anil,2075,University of Dar-es-Salaam Ground,153,12,6,2,2,1087,Dar-es-Salaam,2024-09-25,09:30:00,39.19597,-6.83523
1450761,ICC Men's T20 World Cup Sub Regional Africa Qualifier,2024,11.0,Dar-es-Salaam,Lesotho,Mali,Mali,field,"Gymkhana Club Ground, Dar-es-Salaam",Lesotho,Waseem Yaqoob,2394,"Gymkhana Club Ground, Dar-es-Salaam",159,20,12,3,3,1087,Dar-es-Salaam,2024-09-25,13:50:00,39.26951,-6.82349
1450762,ICC Men's T20 World Cup Sub Regional Africa Qualifier,2024,12.0,Dar-es-Salaam,Cameroon,Malawi,Malawi,field,University of Dar-es-Salaam Ground,Malawi,MA Baig,2075,University of Dar-es-Salaam Ground,51,11,3,3,4,1087,Dar-es-Salaam,2024-09-25,13:50:00,39.19597,-6.83523
1450763,ICC Men's T20 World Cup Sub Regional Africa Qualifier,2024,13.0,Dar-es-Salaam,Mali,Ghana,Mali,bat,"Gymkhana Club Ground, Dar-es-Salaam",Ghana,L Nyarko,2394,"Gymkhana Club Ground, Dar-es-Salaam",42,10,5,3,2,1087,Dar-es-Salaam,2024-09-26,09:30:00,39.26951,-6.82349
1450764,ICC Men's T20 World Cup Sub Regional Africa Qualifier,2024,14.0,Dar-es-Salaam,Lesotho,Cameroon,Cameroon,field,University of Dar-es-Salaam Ground,Cameroon,BN Toube,2075,University of Dar-es-Salaam Ground,78,12,5,1,2,1087,Dar-es-Salaam,2024-09-26,09:30:00,39.19597,-6.83523
1450765,ICC Men's T20 World Cup Sub Regional Africa Qualifier,2024,15.0,Dar-es-Salaam,Tanzania,Malawi,Tanzania,bat,"Gymkhana Club Ground, Dar-es-Salaam",Tanzania,K Juma,2394,"Gymkhana Club Ground, Dar-es-Salaam",208,21,6,7,3,1087,Dar-es-Salaam,2024-09-26,13:50:00,39.26951,-6.82349
1450823,Canada T20 Tri-Series,2024,1.0,King City,Canada,Nepal,Nepal,field,"Maple Leaf North-West Ground, King City",Canada,Saad Bin Zafar,1545,"Maple Leaf North-West Ground, King City",227,18,6,10,0,1080,King City,2024-09-28,12:00:00,-121.12603,36.21274
1450824,Canada T20 Tri-Series,2024,2.0,King City,Nepal,Oman,Oman,field,"Maple Leaf North-West Ground, King City",Nepal,Gulsan Jha,1545,"Maple Leaf North-West Ground, King City",298,16,1,13,2,1080,King City,2024-09-29,12:00:00,-121.12603,36.21274
1450825,Canada T20 Tri-Series,2024,3.0,King City,Canada,Oman,Oman,field,"Maple Leaf North-West Ground, King City",Oman,Aqib Ilyas,1545,"Maple Leaf North-West Ground, King City",186,13,1,8,0,1080,King City,2024-09-30,12:00:00,-121.12603,36.21274
1450826,Canada T20 Tri-Series,2024,4.0,King City,Nepal,Canada,Canada,field,"Maple Leaf North-West Ground, King City",Canada,Saad Bin Zafar,1545,"Maple Leaf North-West Ground, King City",270,13,1,8,0,1080,King City,2024-10-01,12:00:00,-121.12603,36.21274
1450827,Canada T20 Tri-Series,2024,5.0,King City,Nepal,Oman,Oman,field,"Maple Leaf North-West Ground, King City",Nepal,,1545,"Maple Leaf North-West Ground, King City",234,18,0,13,1,1080,King City,2024-10-02,12:00:00,-121.12603,36.21274
1450828,Canada T20 Tri-Series,2024,6.0,King City,Oman,Canada,Canada,field,"Maple Leaf North-West Ground, King City",Canada,,1545,"Maple Leaf North-West Ground, King City",152,16,1,9,3,1080,King City,2024-10-03,12:00:00,-121.12603,36.21274
1453923,ICC Men's T20 World Cup Sub Regional Africa Qualifier,2024/25,3.0,Nairobi,Kenya,Mozambique,Mozambique,field,"Ruaraka Sports Club Ground, Nairobi",Kenya,RR Patel,1068,"Ruaraka Sports Club Ground, Nairobi",283,12,4,5,1,780,Nairobi,2024-10-19,13:50:00,36.81667,-1.28333
1453924,ICC Men's T20 World Cup Sub Regional Africa Qualifier,2024/25,13.0,Nairobi,Rwanda,Seychelles,Rwanda,bat,"Ruaraka Sports Club Ground, Nairobi",Rwanda,Yves Cyusa,1068,"Ruaraka Sports Club Ground, Nairobi",200,19,6,8,2,780,Nairobi,2024-10-24,09:30:00,36.81667,-1.28333
1453926,ICC Men's T20 World Cup Sub Regional Africa Qualifier,2024/25,15.0,Nairobi,Gambia,Mozambique,Gambia,bat,"Ruaraka Sports Club Ground, Nairobi",Mozambique,F Damiao Couana,1068,"Ruaraka Sports Club Ground, Nairobi",262,9,3,4,2,780,Nairobi,2024-10-24,13:50:00,36.81667,-1.28333
1453930,ICC Men's T20 World Cup Sub Regional Africa Qualifier,2024/25,10.0,Nairobi,Seychelles,Kenya,Seychelles,bat,"Ruaraka Sports Club Ground, Nairobi",Kenya,SO Ngoche,1068,"Ruaraka Sports Club Ground, Nairobi",146,11,3,5,3,780,Nairobi,2024-10-23,09:30:00,36.81667,-1.28333
1453932,ICC Men's T20 World Cup Sub Regional Africa Qualifier,2024/25,12.0,Nairobi,Zimbabwe,Gambia,Zimbabwe,bat,"Ruaraka Sports Club Ground, Nairobi",Zimbabwe,Sikandar Raza,1068,"Ruaraka Sports Club Ground, Nairobi",375,15,6,3,2,780,Nairobi,2024-10-23,13:50:00,36.81667,-1.28333
1453935,ICC Men's T20 World Cup Sub Regional Africa Qualifier,2024/25,9.0,Nairobi,Zimbabwe,Rwanda,Zimbabwe,bat,"Ruaraka Sports Club Ground, Nairobi",Zimbabwe,Sikandar Raza,1068,"Ruaraka Sports Club Ground, Nairobi",297,19,5,8,2,780,Nairobi,2024-10-22,13:50:00,36.81667,-1.28333
1457350,Bahrain tour of Uganda,2024/25,1.0,Jinja,Bahrain,Uganda,Uganda,field,Jinja Cricket Ground,Bahrain,Imran Anwar,1715,Jinja Cricket Ground,162,13,5,6,1,980,Jinja,2024-10-28,13:30:00,33.20317,0.43902
1457351,Bahrain tour of Uganda,2024/25,2.0,Jinja,Bahrain,Uganda,Bahrain,bat,Jinja Cricket Ground,Uganda,Haider Butt,1715,Jinja Cricket Ground,174,12,4,4,3,980,Jinja,2024-10-29,13:30:00,33.20317,0.43902
1462877,ICC Men's T20 World Cup Sub Regional Americas Qualifier,2024/25,2.0,Buenos Aires,Panama,Suriname,Panama,bat,"St Albans Club, Buenos Aires",Panama,Irfan Hafejee,2034,"St Albans Club, Buenos Aires",160,14,2,9,1,1,Buenos Aires,2024-12-06,10:30:00,-79.96417,-5.26083
1462878,ICC Men's T20 World Cup Sub Regional Americas Qualifier,2024/25,3.0,Buenos Aires,Bahamas,Brazil,Bahamas,bat,"St George's College Ground, Buenos Aires",Bahamas,M Taylor,2420,"St George's College Ground, Buenos Aires",131,13,7,4,1,1,Buenos Aires,2024-12-06,14:30:00,-79.96417,-5.26083
1462880,ICC Men's T20 World Cup Sub Regional Americas Qualifier,2024/25,5.0,Buenos Aires,Mexico,Brazil,Mexico,bat,"Hurlingham Club Ground, Buenos Aires",Mexico,Shoaib Rafiq,267,"Hurlingham Club Ground, Buenos Aires",146,20,6,6,4,1,Buenos Aires,2024-12-07,10:30:00,-79.96417,-5.26083
1462881,ICC Men's T20 World Cup Sub Regional Americas Qualifier,2024/25,6.0,Buenos Aires,Argentina,Belize,Belize,field,"St George's College Ground, Buenos Aires",Argentina,H Fennell,2420,"St George's College Ground, Buenos Aires",177,20,7,9,3,1,Buenos Aires,2024-12-07,10:30:00,-79.96417,-5.26083
1462882,ICC Men's T20 World Cup Sub Regional Americas Qualifier,2024/25,7.0,Buenos Aires,Bermuda,Suriname,Bermuda,bat,"Hurlingham Club Ground, Buenos Aires",Bermuda,K Fubler,267,"Hurlingham Club Ground, Buenos Aires",212,18,5,8,1,1,Buenos Aires,2024-12-07,14:30:00,-79.96417,-5.26083
1462883,ICC Men's T20 World Cup Sub Regional Americas Qualifier,2024/25,8.0,Buenos Aires,Cayman Islands,Panama,Cayman Islands,bat,"St George's College Ground, Buenos Aires",Cayman Islands,A Wright,2420,"St George's College Ground, Buenos Aires",156,16,4,5,4,1,Buenos Aires,2024-12-07,14:30:00,-79.96417,-5.26083
1462884,ICC Men's T20 World Cup Sub Regional Americas Qualifier,2024/25,9.0,Buenos Aires,Panama,Bermuda,Panama,bat,"St Albans Club, Buenos Aires",Bermuda,TS Fray,2034,"St Albans Club, Buenos Aires",113,8,1,5,0,1,Buenos Aires,2024-12-08,10:30:00,-79.96417,-5.26083
1462885,ICC Men's T20 World Cup Sub Regional Americas Qualifier,2024/25,10.0,Buenos Aires,Bahamas,Argentina,Bahamas,bat,"Hurlingham Club Ground, Buenos Aires",Bahamas,Festus Benn,267,"Hurlingham Club Ground, Buenos Aires",202,14,3,8,0,1,Buenos Aires,2024-12-08,10:30:00,-79.96417,-5.26083
1462886,ICC Men's T20 World Cup Sub Regional Americas Qualifier,2024/25,11.0,Buenos Aires,Suriname,Brazil,Suriname,bat,"St Albans Club, Buenos Aires",Brazil,LH Rodrigues,2034,"St Albans Club, Buenos Aires",184,12,2,10,0,1,Buenos Aires,2024-12-08,14:30:00,-79.96417,-5.26083
1462887,ICC Men's T20 World Cup Sub Regional Americas Qualifier,2024/25,12.0,Buenos Aires,Cayman Islands,Belize,Cayman Islands,bat,"Hurlingham Club Ground, Buenos Aires",Cayman Islands,ROC Dunka,267,"Hurlingham Club Ground, Buenos Aires",247,20,5,8,1,1,Buenos Aires,2024-12-08,14:30:00,-79.96417,-5.26083
1462888,ICC Men's T20 World Cup Sub Regional Americas Qualifier,2024/25,13.0,Buenos Aires,Cayman Islands,Suriname,Suriname,field,"Hurlingham Club Ground, Buenos Aires",Suriname,XSD Smith,267,"Hurlingham Club Ground, Buenos Aires",261,14,5,4,0,1,Buenos Aires,2024-12-10,10:30:00,-79.96417,-5.26083
1462889,ICC Men's T20 World Cup Sub Regional Americas Qualifier,2024/25,14.0,Buenos Aires,Bahamas,Belize,Belize,field,"St Albans Club, Buenos Aires",Bahamas,K Hinds,2034,"St Albans Club, Buenos Aires",216,11,3,6,1,1,Buenos Aires,2024-12-10,10:30:00,-79.96417,-5.26083
1462890,ICC Men's T20 World Cup Sub Regional Americas Qualifier,2024/25,15.0,Buenos Aires,Mexico,Bermuda,Mexico,bat,"Hurlingham Club Ground, Buenos Aires",Bermuda,OGL Bascome,267,"Hurlingham Club Ground, Buenos Aires",182,13,3,6,1,1,Buenos Aires,2024-12-10,14:30:00,-79.96417,-5.26083
1462891,ICC Men's T20 World Cup Sub Regional Americas Qualifier,2024/25,16.0,Buenos Aires,Panama,Argentina,Panama,bat,"St Albans Club, Buenos Aires",Argentina,A Kirschbaum,2034,"St Albans Club, Buenos Aires",175,14,5,6,1,1,Buenos Aires,2024-12-10,14:30:00,-79.96417,-5.26083
1462892,ICC Men's T20 World Cup Sub Regional Americas Qualifier,2024/25,17.0,Buenos Aires,Mexico,Cayman Islands,Mexico,bat,"St George's College Ground, Buenos Aires",Cayman Islands,YSD Seneveratne,2420,"St George's College Ground, Buenos Aires",154,13,5,7,1,1,Buenos Aires,2024-12-11,10:30:00,-79.96417,-5.26083
1462893,ICC Men's T20 World Cup Sub Regional Americas Qualifier,2024/25,18.0,Buenos Aires,Bahamas,Panama,Bahamas,bat,"Hurlingham Club Ground, Buenos Aires",Bahamas,Festus Benn,267,"Hurlingham Club Ground, Buenos Aires",178,23,2,11,1,1,Buenos Aires,2024-12-11,10:30:00,-79.96417,-5.26083
1462894,ICC Men's T20 World Cup Sub Regional Americas Qualifier,2024/25,19.0,Buenos Aires,Bermuda,Brazil,Brazil,field,"St George's College Ground, Buenos Aires",Bermuda,D Sabir,2420,"St George's College Ground, Buenos Aires",192,15,6,4,0,1,Buenos Aires,2024-12-11,14:30:00,-79.96417,-5.26083
1462895,ICC Men's T20 World Cup Sub Regional Americas Qualifier,2024/25,20.0,Buenos Aires,Suriname,Argentina,Suriname,bat,"Hurlingham Club Ground, Buenos Aires",Argentina,P Baron,267,"Hurlingham Club Ground, Buenos Aires",234,12,2,9,0,1,Buenos Aires,2024-12-11,14:30:00,-79.96417,-5.26083
1462896,ICC Men's T20 World Cup Sub Regional Americas Qualifier,2024/25,21.0,Buenos Aires,Panama,Brazil,Panama,bat,"Belgrano Athletic Club Ground, Buenos Aires",Brazil,Yasar Haroon,325,"Belgrano Athletic Club Ground, Buenos Aires",225,15,7,2,0,1,Buenos Aires,2024-12-12,10:30:00,-79.96417,-5.26083
1462897,ICC Men's T20 World Cup Sub Regional Americas Qualifier,2024/25,22.0,Buenos Aires,Suriname,Mexico,Mexico,field,"St George's College Ground, Buenos Aires",Mexico,PK Mohanarangam,2420,"St George's College Ground, Buenos Aires",89,12,5,7,0,1,Buenos Aires,2024-12-12,10:30:00,-79.96417,-5.26083
1462898,ICC Men's T20 World Cup Sub Regional Americas Qualifier,2024/25,23.0,Buenos Aires,Bahamas,Cayman Islands,Bahamas,bat,"Belgrano Athletic Club Ground, Buenos Aires",Cayman Islands,J Baker,325,"Belgrano Athletic Club Ground, Buenos Aires",206,5,2,2,1,1,Buenos Aires,2024-12-12,14:30:00,-79.96417,-5.26083
1462899,ICC Men's T20 World Cup Sub Regional Americas Qualifier,2024/25,24.0,Buenos Aires,Bermuda,Belize,Belize,field,"St George's College Ground, Buenos Aires",Bermuda,DC Stovell,2420,"St George's College Ground, Buenos Aires",150,19,6,11,1,1,Buenos Aires,2024-12-12,14:30:00,-79.96417,-5.26083
1462900,ICC Men's T20 World Cup Sub Regional Americas Qualifier,2024/25,25.0,Buenos Aires,Cayman Islands,Brazil,Cayman Islands,bat,"St Albans Club, Buenos Aires",Cayman Islands,YSD Seneveratne,2034,"St Albans Club, Buenos Aires",276,10,6,4,0,1,Buenos Aires,2024-12-14,10:30:00,-79.96417,-5.26083
1462901,ICC Men's T20 World Cup Sub Regional Americas Qualifier,2024/25,26.0,Buenos Aires,Bahamas,Suriname,Bahamas,bat,"Belgrano Athletic Club Ground, Buenos Aires",Bahamas,K Hinds,325,"Belgrano Athletic Club Ground, Buenos Aires",152,20,5,10,3,1,Buenos Aires,2024-12-14,10:30:00,-79.96417,-5.26083
1462902,ICC Men's T20 World Cup Sub Regional Americas Qualifier,2024/25,27.0,Buenos Aires,Panama,Belize,Panama,bat,"St Albans Club, Buenos Aires",Belize,L Bonner,2034,"St Albans Club, Buenos Aires",183,13,3,9,1,1,Buenos Aires,2024-12-14,14:30:00,-79.96417,-5.26083
1462903,ICC Men's T20 World Cup Sub Regional Americas Qualifier,2024/25,28.0,Buenos Aires,Argentina,Mexico,Mexico,field,"Belgrano Athletic Club Ground, Buenos Aires",Argentina,H Fennell,325,"Belgrano Athletic Club Ground, Buenos Aires",193,18,8,6,2,1,Buenos Aires,2024-12-14,14:30:00,-79.96417,-5.26083
1462904,ICC Men's T20 World Cup Sub Regional Americas Qualifier,2024/25,29.0,Buenos Aires,Brazil,Belize,Brazil,bat,"Belgrano Athletic Club Ground, Buenos Aires",Belize,L Bonner,325,"Belgrano Athletic Club Ground, Buenos Aires",218,15,5,7,0,1,Buenos Aires,2024-12-15,10:30:00,-79.96417,-5.26083
1462905,ICC Men's T20 World Cup Sub Regional Americas Qualifier,2024/25,30.0,Buenos Aires,Cayman Islands,Argentina,Argentina,field,"Hurlingham Club Ground, Buenos Aires",Cayman Islands,C Wright,267,"Hurlingham Club Ground, Buenos Aires",198,20,4,12,2,1,Buenos Aires,2024-12-15,10:30:00,-79.96417,-5.26083
1462906,ICC Men's T20 World Cup Sub Regional Americas Qualifier,2024/25,31.0,Buenos Aires,Bermuda,Bahamas,Bermuda,bat,"Belgrano Athletic Club Ground, Buenos Aires",Bermuda,,325,"Belgrano Athletic Club Ground, Buenos Aires",286,13,3,3,4,1,Buenos Aires,2024-12-15,14:30:00,-79.96417,-5.26083
1462907,ICC Men's T20 World Cup Sub Regional Americas Qualifier,2024/25,32.0,Buenos Aires,Panama,Mexico,Mexico,field,"Hurlingham Club Ground, Buenos Aires",Panama,Mahmud Jasat,267,"Hurlingham Club Ground, Buenos Aires",164,20,1,12,2,1,Buenos Aires,2024-12-15,14:30:00,-79.96417,-5.26083
1462908,ICC Men's T20 World Cup Sub Regional Americas Qualifier,2024/25,33.0,Buenos Aires,Bermuda,Cayman Islands,Bermuda,bat,"St Albans Club, Buenos Aires",Bermuda,Z Burgess,2034,"St Albans Club, Buenos Aires",253,15,5,8,0,1,Buenos Aires,2024-12-16,10:30:00,-79.96417,-5.26083
1462909,ICC Men's T20 World Cup Sub Regional Americas Qualifier,2024/25,34.0,Buenos Aires,Bahamas,Mexico,Bahamas,bat,"St George's College Ground, Buenos Aires",Bahamas,K Hinds,2420,"St George's College Ground, Buenos Aires",150,19,3,9,6,1,Buenos Aires,2024-12-16,10:30:00,-79.96417,-5.26083
1462910,ICC Men's T20 World Cup Sub Regional Americas Qualifier,2024/25,35.0,Buenos Aires,Belize,Suriname,Belize,bat,"St Albans Club, Buenos Aires",Suriname,K Hardat,2034,"St Albans Club, Buenos Aires",172,16,7,6,2,1,Buenos Aires,2024-12-16,14:30:00,-79.96417,-5.26083
1462911,ICC Men's T20 World Cup Sub Regional Americas Qualifier,2024/25,36.0,Buenos Aires,Argentina,Brazil,Brazil,field,"St George's College Ground, Buenos Aires",Argentina,AAP Rivero,2420,"St George's College Ground, Buenos Aires",184,18,4,8,0,1,Buenos Aires,2024-12-16,14:30:00,-79.96417,-5.26083
1462926,Bermuda tour of Argentina,2024/25,,Buenos Aires,Bermuda,Argentina,Argentina,field,"Hurlingham Club Ground, Buenos Aires",Bermuda,Jonte Smith,267,"Hurlingham Club Ground, Buenos Aires",240,14,3,7,2,1,Buenos Aires,2024-12-02,10:30:00,-79.96417,-5.26083
1470186,Malta Tri-Nation T20I Series,2024/25,1.0,Marsa,Hungary,Malta,Malta,field,Marsa Sports Club,Hungary,Abbas Ghani,1870,Marsa Sports Club,189,9,5,4,0,1045,Marsa,2025-02-03,09:00:00,14.4870671,35.8757921
1470187,Malta Tri-Nation T20I Series,2024/25,2.0,Marsa,Malta,Austria,Austria,field,Marsa Sports Club,Austria,M Simpson-Parker,1870,Marsa Sports Club,283,11,0,8,1,1045,Marsa,2025-02-03,13:00:00,14.4870671,35.8757921
1470188,Malta Tri-Nation T20I Series,2024/25,3.0,Marsa,Hungary,Austria,Hungary,bat,Marsa Sports Club,Austria,Bilal Zalmai,1870,Marsa Sports Club,350,9,1,3,2,1045,Marsa,2025-02-04,09:00:00,14.4870671,35.8757921
1470189,Malta Tri-Nation T20I Series,2024/25,4.0,Marsa,Malta,Hungary,Malta,bat,Marsa Sports Club,Hungary,Sheikh Rasik,1870,Marsa Sports Club,334,9,3,5,0,1045,Marsa,2025-02-04,13:00:00,14.4870671,35.8757921
1470190,Malta Tri-Nation T20I Series,2024/25,5.0,Marsa,Malta,Austria,Austria,field,Marsa Sports Club,Austria,M Simpson-Parker,1870,Marsa Sports Club,321,10,1,7,1,1045,Marsa,2025-02-05,09:00:00,14.4870671,35.8757921
1470191,Malta Tri-Nation T20I Series,2024/25,6.0,Marsa,Austria,Hungary,Hungary,field,Marsa Sports Club,Hungary,Muhammad Saqlain,1870,Marsa Sports Club,184,18,1,14,3,1045,Marsa,2025-02-05,13:00:00,14.4870671,35.8757921
361656,T20 Canada,2008/09,4.0,King City,Pakistan,Sri Lanka,Pakistan,field,Maple Leaf North-West Ground,Pakistan,Shoaib Malik,1545,"Maple Leaf North-West Ground, King City",260,18,5,7,1,1080,King City,2008-10-11,13:30:00,-121.12603,36.21274
361660,T20 Canada,2008/09,,King City,Pakistan,Sri Lanka,Sri Lanka,field,Maple Leaf North-West Ground,Sri Lanka,ST Jayasuriya,1545,"Maple Leaf North-West Ground, King City",230,13,3,6,1,1080,King City,2008-10-13,13:30:00,-121.12603,36.21274
543883,Ireland in Kenya T20I Series,2011/12,1.0,,Kenya,Ireland,Ireland,field,Mombasa Sports Club Ground,Ireland,GH Dockrell,614,Mombasa Sports Club Ground,202,14,2,9,1,779,Mombasa,2012-02-22,13:00:00,,
543884,Ireland in Kenya T20I Series,2011/12,2.0,,Kenya,Ireland,Kenya,bat,Mombasa Sports Club Ground,Ireland,PR Stirling,614,Mombasa Sports Club Ground,236,9,2,5,1,779,Mombasa,2012-02-23,13:00:00,,
543885,Ireland in Kenya T20I Series,2011/12,3.0,,Kenya,Ireland,Ireland,bat,Mombasa Sports Club Ground,Ireland,SO Ngoche,614,Mombasa Sports Club Ground,199,18,4,7,1,779,Mombasa,2012-02-24,11:30:00,,
